,betweenness,importance_tier
aasiaat-greenland,0.0,1
aberdeen-united-kingdom,0.0,1
abidjan-cte-divoire,0.0021649476809115034,9
abu-dhabi-united-arab-emirates,0.001845394484601197,9
abu-talat-egypt,0.0008481060022958247,9
accra-ghana,0.0010671952483001846,9
achnaba-united-kingdom,0.0,1
addenbroke-island-bc-canada,0.0,1
adelaide-sa-australia,0.0,1
aden-yemen,0.0,1
aeng-batu-batu-indonesia,0.0,1
aethos-greece,1.2107563594977783e-05,8
afu-brazil,0.0,1
agat-guam,0.014448359223340155,10
agats-indonesia,0.0,1
agatti-india,0.0,1
agios-sostis-greece,0.0,1
aguimes-canary-islands-spain,0.0,1
aguni-japan,0.0,1
ahousat-bc-canada,0.0,1
aikerness-bay-united-kingdom,0.0,1
aitutaki-cook-islands,0.0,1
ajaccio-france,0.0007499482545793977,9
ajigaura-japan,0.006341480570531459,10
akita-japan,0.0007463255946783606,9
aktau-kazakhstan,0.0,1
akulivik-qc-canada,0.0,1
akutan-ak-united-states,0.0,1
al-bayda-libya,0.0,1
al-bustan-oman,0.0,1
al-daayen-qatar,0.0,1
al-faw-iraq,0.0014586731378711329,9
al-ghariya-qatar,0.0,1
al-ghaydah-yemen,0.0,1
al-hidd-bahrain,0.00025022298096287417,8
al-hudaydah-yemen,0.00016374038385589,8
al-kheesa-qatar,0.0,1
al-khobar-saudi-arabia,0.002281987462329622,9
al-khums-libya,0.0,1
al-safat-kuwait,0.0,1
al-seeb-oman,0.00022427820183077893,8
alakanuk-ak-united-states,0.0,1
aldeburgh-united-kingdom,0.0,1
alenquer-brazil,0.0,1
alert-bay-bc-canada,0.0,1
alexandria-egypt,0.0012384307905720132,9
alexandria-nsw-australia,0.0016501840445758208,9
algiers-algeria,0.003570289883899996,10
alicudi-porto-italy,0.0,1
allen-philippines,0.000733526170306527,9
almeirim-brazil,0.0,1
almera-spain,0.0,1
alofi-niue,0.0,1
alor-indonesia,0.0,1
alotau-papua-new-guinea,0.0,1
alsgarde-denmark,0.0,1
alta-vista-canary-islands-spain,0.006585938045020534,10
alupang-guam,0.0003862889337445293,9
alvares-brazil,0.0,1
alyangula-nt-australia,0.0,1
ama-japan,0.0,1
amanzimtoti-south-africa,0.003679546231578486,10
amatur-brazil,0.0,1
ambon-indonesia,0.004070793500890483,10
amderma-russia,0.0,1
amini-india,0.0,1
amwaj-island-bahrain,0.0,1
anadyr-russia,5.1889558264190495e-06,8
anchorage-ak-united-states,0.0007261463220200644,9
ancol-indonesia,0.0,1
ancon-ecuador,0.0,1
andalsnes-norway,0.0,1
andrott-india,0.0,1
angoon-ak-united-states,0.0,1
angra-do-heroismo-portugal,0.0,1
annaba-algeria,0.0008187019192794501,9
annies-bay-bermuda,0.0,1
annobon-equatorial-guinea,0.0,1
antofagasta-chile,0.0,1
anyer-indonesia,0.0010533580327630671,9
aogashima-japan,0.0,1
apalachee-beach-fl-united-states,0.0,1
apia-samoa,0.009639734640642711,10
aqaba-jordan,0.008952678452515,10
aracaj-brazil,0.0,1
arawa-papua-new-guinea,0.0,1
archirondel-jersey,0.0,1
ardbeg-point-united-kingdom,0.0,1
ardgour-united-kingdom,0.0,1
ardmair-united-kingdom,0.0,1
ardnacross-united-kingdom,0.0,1
ardneil-bay-united-kingdom,0.0,1
ardvasar-united-kingdom,0.0,1
ardyne-point-united-kingdom,0.0,1
arendal-norway,0.0,1
arica-chile,0.002091581611032412,9
arrecife-canary-islands-spain,0.0,1
arutua-french-polynesia,0.0,1
ashkelon-israel,4.843025437991113e-05,8
asilah-morocco,0.003578842051836132,10
atafona-brazil,0.0,1
atafu-tokelau,0.0,1
atalaia-do-norte-brazil,0.0,1
athens-greece,0.0010124229367990945,9
auckland-new-zealand,0.0039508709662354645,10
auki-solomon-islands,0.0,1
aupaluk-qc-canada,0.0,1
autazes-brazil,0.0,1
awashimaura-japan,0.0,1
aylesford-ns-canada,0.0,1
ayre-of-cara-united-kingdom,0.0,1
baa-indonesia,0.0,1
baby-beach-aruba,0.00018795551104584557,8
baclayon-philippines,1.2684114242357677e-05,8
bacolod-philippines,0.0,1
bacong-philippines,0.0,1
bagre-brazil,0.0,1
bahar-ic-caghaq-malta,5.765506473798944e-07,8
baie-comeau-qc-canada,0.0,1
baie-du-tombeau-mauritius,0.0,1
baie-jacotet-mauritius,0.0022436468442788592,9
baie-longue-saint-martin,0.0,1
baie-mahault-guadeloupe,0.0,1
baile-mr-united-kingdom,0.0,1
baillif-guadeloupe,0.0005653079097559865,9
balboa-panama,0.016743030799912132,10
balchik-bulgaria,0.0,1
baler-philippines,0.005105355982548965,10
bali-indonesia,0.0009207513838656913,9
balikpapan-indonesia,4.612405179039155e-06,8
balla-united-kingdom,0.0,1
ballesteros-philippines,0.0,1
ballinesker-ireland,0.0,1
balluta-bay-malta,0.0,1
ballygrangans-ireland,0.0,1
ballyhornan-united-kingdom,0.0,1
ballywater-united-kingdom,0.0,1
bamfield-bc-canada,0.0,1
banana-bay-virgin-islands-u-s-,0.0,1
bandaneria-indonesia,0.0,1
bandar-abbas-iran,0.0,1
bandar-lampung-indonesia,0.0,1
bandon-or-united-states,0.0,1
banff-united-kingdom,0.0,1
bangaram-india,0.0,1
bangga-indonesia,0.0,1
banjarmasin-indonesia,0.0029472500359863695,10
banjul-gambia,0.0,1
banyu-urip-indonesia,0.0011439725761762738,9
barbers-point-hi-united-states,0.0,1
barcelona-spain,0.0014713572521134906,9
barcelos-brazil,0.0,1
bari-italy,0.0022570036009431603,9
barka-oman,0.0027099321803473486,9
barranquilla-colombia,0.007249115427169257,10
barsebck-sweden,0.0,1
basseterre-saint-kitts-and-nevis,0.00292037316664101,9
bastia-france,0.0,1
bata-equatorial-guinea,0.004155344653328742,10
batam-indonesia,0.03437959979313365,10
batangas-philippines,0.041859883202369906,10
batu-prahu-indonesia,0.0,1
bauang-philippines,0.0,1
baubau-indonesia,0.0,1
bawean-indonesia,0.0,1
baxedes-greece,0.0,1
bay-of-london-united-kingdom,0.0,1
bay-of-tuquoy-united-kingdom,0.0,1
beausejour-guadeloupe,0.0,1
beaver-island-mi-united-states,0.0,1
beculuk-indonesia,0.0,1
beigan-taiwan,0.0,1
beihai-china,0.0,1
beirut-lebanon,0.0007499482545793977,9
bejaia-algeria,0.0,1
belize-city-belize,0.0,1
bella-bella-bc-canada,0.0,1
bella-coola-bc-canada,0.0,1
bellport-ny-united-states,0.0,1
belm-brazil,0.0,1
belm-do-solimes-brazil,0.0,1
belmont-united-kingdom,0.0,1
benculuk-indonesia,0.0,1
benghazi-libya,0.0031802533709474976,10
bengkalis-indonesia,0.0,1
benjamin-constant-brazil,0.0,1
benton-harbor-mi-united-states,0.0,1
bequia-saint-vincent-and-the-grenadines,0.0,1
berbera-somalia,0.001249625482308639,9
bergen-norway,0.020562678838803933,10
beverwijk-netherlands,0.0,1
biak-indonesia,0.0,1
bic-qc-canada,0.0,1
bidos-brazil,0.0,1
bilbao-spain,0.033887484988062516,10
bima-indonesia,0.0,1
bintan-indonesia,0.0,1
bintulu-malaysia,0.0,1
bitra-india,0.0,1
bizerte-tunisia,0.016231342100362478,10
blaabjerg-denmark,0.012406649243306103,10
black-river-jamaica,0.0,1
blackpool-sands-united-kingdom,0.0,1
blackpool-united-kingdom,0.0029946040624911716,10
blackwaterfoot-united-kingdom,0.0,1
blind-channel-bc-canada,0.0,1
bliss-landing-bc-canada,0.0,1
bluefields-nicaragua,0.0,1
boa-vista-brazil,0.0,1
boac-philippines,0.0,1
boat-bluff-bc-canada,0.0,1
boat-harbour-tas-australia,0.0,1
boca-raton-fl-united-states,0.010825891505852277,10
bod-norway,0.0029946040624911716,10
bogense-denmark,0.0,1
bogo-philippines,0.0,1
bold-point-bc-canada,0.0,1
bomba-belize,0.0,1
bonifacio-france,0.0,1
bonilla-island-bc-canada,0.0,1
boracay-philippines,0.0021365813890604126,9
borbby-strandbad-sweden,0.0,1
bosaso-somalia,0.0,1
bowser-bc-canada,0.0,1
bozyazi-turkey,0.0,1
bp-clair-ridge-united-kingdom,0.0,1
branahuie-bay-united-kingdom,0.0,1
brean-united-kingdom,0.0,1
bredene-belgium,0.0,1
brega-libya,0.0,1
breivika-norway,0.0,1
brekstad-norway,0.0,1
breves-brazil,0.0,1
brewers-bay-virgin-islands-u-s-,0.0,1
bridgetown-barbados,0.0,1
brighton-united-kingdom,0.0,1
brisbane-qld-australia,0.006610345355759619,10
brnnysund-norway,0.0,1
broadstairs-united-kingdom,0.0,1
brondby-denmark,0.0,1
brookhaven-ny-united-states,0.011160579156656306,10
brookvale-nsw-australia,0.0005925499278446864,9
budai-taiwan,0.0,1
bude-united-kingdom,0.06443097622132166,10
buenaventura-colombia,0.0,1
buenavista-philippines,0.0,1
buffalo-ny-united-states,0.0,1
bulan-philippines,0.0,1
bull-bay-jamaica,0.0005090942216364468,9
bulobulo-indonesia,0.0,1
bunkeflostand-sweden,0.0,1
bunkum-bay-montserrat,0.0,1
bunnefjorden-norway,0.0,1
buranga-indonesia,0.0,1
burgau-portugal,0.0,1
burravoe-united-kingdom,0.0,1
busan-south-korea,0.009575160968136159,10
bushehr-iran,0.0,1
butedale-bc-canada,0.0,1
butler-bay-virgin-islands-u-s-,0.0,1
butuan-city-philippines,0.0,1
byxelkrok-sweden,0.0,1
cabimas-venezuela,0.0,1
cabinda-angola,0.0,1
cabo-espiritu-santo-argentina,0.0,1
cabo-san-juan-equatorial-guinea,0.0,1
cacique-dominican-republic,0.0,1
cacongo-angola,0.0,1
cacuaco-angola,0.0,1
cadiz-city-philippines,0.0,1
cagayan-de-oro-philippines,2.5368228484715355e-05,8
cagdianao-philippines,0.0,1
cagliari-italy,0.0,1
cala-doliva-italy,0.0,1
calatrava-philippines,0.0,1
calbayog-philippines,2.3062025895195775e-05,8
caldera-chile,0.0,1
calgary-united-kingdom,0.0,1
callantsoog-netherlands,0.0,1
calvi-france,0.0,1
cama-beach-wa-united-states,0.0,1
camiguin-island-philippines,0.0,1
campbell-river-bc-canada,0.0,1
camuri-venezuela,0.008682996887203054,10
cancn-mexico,0.0031038604101696616,10
candelaria-canary-islands-spain,5.1889558264190495e-05,8
candikusuma-indonesia,0.0,1
canefield-dominica,0.0,1
cannes-france,0.0,1
canneto-italy,0.0,1
canouan-saint-vincent-and-the-grenadines,0.0,1
cape-daguilar-china,0.0,1
cape-jervis-sa-australia,0.0,1
cape-ray-nl-canada,0.0,1
cape-roger-curtis-bc-canada,0.0,1
capesterre-belle-eau-guadeloupe,0.0,1
capraia-isola-italy,0.0,1
capri-strand-sweden,0.0,1
car-nicobar-india,0.0,1
caracara-brazil,0.0,1
carana-seychelles,0.0,1
carcavelos-portugal,0.019540838908097637,10
carloforte-italy,0.0,1
carpano-venezuela,0.0,1
carriacou-grenada,0.0,1
carrickfergus-united-kingdom,0.0,1
cartagena-chile,0.0,1
cartagena-colombia,0.012356633474645898,10
casablanca-morocco,0.0020673184379551746,9
castries-saint-lucia,0.0,1
cat-island-bahamas,0.005924634452475795,10
catania-italy,0.0025982254924174944,9
caticlan-philippines,1.0377911652838099e-05,8
caves-point-bahamas,0.0,1
cavite-philippines,0.0,1
cayenne-french-guiana,0.026768237594215583,10
cayeux-sur-mer-france,0.0,1
cayman-brac-cayman-islands,0.0,1
cebu-philippines,0.0,1
chabahar-iran,0.000273140869196225,9
chaguaramas-trinidad-and-tobago,0.005021179588031501,10
chai-wan-china,0.0,1
changi-north-singapore,0.014471920926463164,10
changi-singapore,0.001286668861402798,9
changi-south-singapore,0.007755740090199432,10
chania-greece,0.0008492591035905845,9
charlevoix-mi-united-states,0.0,1
chateaubelair-saint-vincent-and-the-grenadines,0.0,1
chatham-point-bc-canada,0.0,1
chenega-ak-united-states,0.0,1
chennai-india,0.0092198616316883,10
cherating-malaysia,0.0038920051451379776,10
chetlat-india,0.0,1
chicago-il-united-states,0.0,1
chichijima-japan,0.0,1
chichiriviche-venezuela,0.0,1
chignik-bay-ak-united-states,0.0,1
chignik-lagoon-ak-united-states,0.0,1
chignik-lake-ak-united-states,0.0,1
chikura-japan,0.002610506021206686,9
chindini-comoros,0.0007482666485245398,9
chipiona-spain,0.0007499482545793977,9
chisasibi-qc-canada,0.0,1
chongming-china,0.00022370165118339904,8
christchurch-new-zealand,0.0,1
christiansted-virgin-islands-virgin-islands-u-s-,0.0,1
chumphon-thailand,0.0,1
chung-hom-kok-china,0.006787730771603497,10
cienfuegos-cuba,0.0,1
cirebon-indonesia,0.0,1
ciudad-lzaro-crdenas-mexico,0.0,1
civitavecchia-italy,0.0022463854598539137,9
clarence-town-bahamas,0.0,1
claveria-philippines,0.0,1
clinton-wa-united-states,5.765506473798944e-07,8
clonshaugh-ireland,0.0,1
clovelly-nsw-australia,0.0,1
cloverdale-or-united-states,0.0,1
coal-harbour-bc-canada,0.0,1
coari-brazil,0.0,1
cockburn-town-bahamas,0.0,1
codroy-nl-canada,0.0,1
coffman-cove-ak-united-states,0.00016604658644540958,8
coilleag-united-kingdom,0.0,1
cold-bay-ak-united-states,0.0,1
coleraine-united-kingdom,0.0,1
collo-algeria,0.0,1
coln-panama,0.0,1
colombo-sri-lanka,0.0010251070510414522,9
comox-bc-canada,0.0,1
conakry-guinea,0.0,1
condado-beach-pr-united-states,0.0,1
conference-grenada,0.0,1
conil-de-la-frontera-spain,0.00017507921325436124,8
constitucin-chile,0.0,1
copa-club-jamaica,0.0,1
cordova-ak-united-states,0.00860152067155082,10
cordova-bay-bc-canada,0.0,1
corfu-greece,0.0,1
corisco-equatorial-guinea,0.0,1
cork-ireland,0.0,1
coro-venezuela,0.0,1
coron-philippines,0.0,1
corralejo-canary-islands-spain,0.0,1
corran-united-kingdom,0.0,1
corrie-united-kingdom,0.0,1
corvo-portugal,0.0,1
cotonou-benin,0.0002669429497368911,9
cousins-inlet-bc-canada,0.0,1
coxs-bazar-bangladesh,0.0,1
craighouse-united-kingdom,0.0,1
crescent-beach-ri-united-states,0.0,1
cristbal-panama,0.0,1
crockness-united-kingdom,0.0,1
crooked-island-bahamas,0.0,1
crotone-italy,0.0,1
crown-haven-bahamas,0.0,1
cuman-venezuela,0.0,1
curralinho-brazil,0.0,1
current-bahamas,0.0,1
curu-brazil,0.0,1
cusbay-united-kingdom,0.0,1
daanbantayan-philippines,0.0,1
dadeng-island-china,0.0,1
daet-philippines,0.0,1
dakar-senegal,0.018515779902943463,10
dakhla-morocco,0.0,1
dalian-china,0.0,1
danang-vietnam,0.00015797487738209107,8
dania-beach-fl-united-states,0.0,1
dar-es-salaam-tanzania,0.002368181784112916,9
dartmouth-united-kingdom,0.0,1
daru-papua-new-guinea,0.0,1
darwin-nt-australia,0.003594524229444864,10
das-island-united-arab-emirates,0.0,1
davao-philippines,0.023759844362074577,10
dawu-taiwan,0.0,1
deception-qc-canada,0.0,1
deep-water-bay-china,0.0,1
deeside-clwyd-united-kingdom,0.0,1
denman-island-bc-canada,0.0,1
denpasar-indonesia,0.0,1
derna-libya,0.0022130896599677247,9
dhangethi-maldives,3.516958949017356e-05,8
dhuvaafaru-maldives,0.0,1
diba-oman,0.0,1
dickenson-bay-antigua-and-barbuda,0.0,1
diego-garcia-british-indian-ocean-territory,0.0,1
dikson-russia,0.0,1
dili-timor-leste,0.0004756542840884129,9
dillingham-ak-united-states,0.0,1
dingwall-ns-canada,0.0,1
dipolog-city-philippines,0.0,1
ditella-italy,0.0,1
djibouti-city-djibouti,0.007220720307785798,10
dodge-cove-bc-canada,0.0,1
doha-qatar,0.001812963510686078,9
domburg-netherlands,0.0,1
donaghadee-united-kingdom,0.0,1
dongyin-taiwan,0.002951247453808203,10
douala-cameroon,0.0,1
douglas-isle-of-man,0.0,1
down-craig-united-kingdom,0.0,1
dragor-denmark,0.0,1
drbak-norway,0.0,1
dryad-point-bc-canada,0.0,1
duart-bay-united-kingdom,0.0,1
duba-saudi-arabia,0.0006197919459333865,9
dubai-united-arab-emirates,0.0015543805453361954,9
dublin-ireland,0.005231188161339627,10
dubrovnik-croatia,0.0,1
dumaguete-philippines,0.0007098875937639513,9
dumai-indonesia,0.0077590648655993175,10
dumpton-gap-united-kingdom,0.0007499482545793977,9
duncan-town-bahamas,0.0,1
duncanby-bc-canada,0.0,1
dunnet-bay-united-kingdom,0.0,1
dunnet-head-united-kingdom,0.0,1
dunvegan-united-kingdom,0.0,1
durres-albania,0.00256738003278267,9
duynefontein-south-africa,5.1889558264190495e-06,8
dzhubga-russia,0.0,1
eastbourne-bc-canada,0.0,1
echo-bay-bc-canada,0.0,1
edith-point-bc-canada,0.0,1
edya-norway,0.0,1
eek-ak-united-states,0.0,1
eemshaven-netherlands,0.0007499482545793977,9
egersund-norway,0.0,1
egg-island-bc-canada,0.0,1
eight-mile-rock-bahamas,0.0,1
el-djamila-algeria,0.0,1
el-goro-canary-islands-spain,0.0028291340266931417,9
el-mdano-canary-islands-spain,0.0,1
el-quawef-libya,0.0,1
el-segundo-ca-united-states,0.011292753392568147,10
elk-bay-bc-canada,0.0,1
emi-japan,0.0,1
ende-indonesia,9.22481035807831e-06,8
endrup-denmark,0.0,1
ermoupoli-greece,9.22481035807831e-06,8
esperanza-bc-canada,0.0,1
espoo-finland,1.0377911652838099e-05,8
esquimalt-bc-canada,0.0,1
estepona-spain,0.010731913750329355,10
eureka-ca-united-states,0.0,1
everett-wa-united-states,0.0,1
evie-united-kingdom,0.0,1
eydhafushi-maldives,0.0008019819505054332,9
faial-portugal,0.0014963411134999527,9
fair-isle-united-kingdom,0.0,1
fakaofo-tokelau,0.0,1
fakarava-french-polynesia,0.0,1
fakfak-indonesia,0.004921782256423207,10
false-pass-ak-united-states,0.0,1
fangshan-taiwan,0.0,1
fano-denmark,0.0,1
farosund-sweden,0.00017757759939300747,8
feolin-ferry-united-kingdom,0.0,1
fighting-bay-new-zealand,0.0,1
filicudi-porto-italy,0.0,1
filizi-greece,0.0,1
fionnaphort-united-kingdom,0.0,1
fish-camp-ak-united-states,0.0,1
fiumicino-italy,0.0,1
flamingo-bay-virgin-islands-u-s-,0.0,1
flor-norway,0.0,1
florence-or-united-states,0.0,1
flores-portugal,0.0,1
flying-fish-cove-christmas-island,0.0003223302485951863,9
fomboni-moheli-comoros,0.0,1
fonte-boa-brazil,0.0,1
forestville-qc-canada,0.0,1
fort-amador-panama,0.028300565077289497,10
fort-dauphin-madagascar,0.0,1
fortaleza-brazil,0.015591947432418169,10
fortune-nl-canada,0.0,1
four-mile-bluff-tas-australia,0.0,1
frederiksted-virgin-islands-u-s-,0.0,1
freeport-tx-united-states,0.0,1
freetown-sierra-leone,0.0,1
french-creek-bc-canada,0.0,1
fresh-creek-bahamas,0.0,1
friedrichshafen-germany,0.0,1
fujairah-united-arab-emirates,0.01615754361749785,10
fukuoka-japan,0.0,1
funafuti-tuvalu,0.0,1
funchal-portugal,0.0057041999216275495,10
funningsfjordur-faroe-islands,0.0,1
fuvahmulah-maldives,0.0,1
fuzhou-china,0.0,1
gabriola-bc-canada,0.0,1
gaeta-italy,0.0,1
gahdhoo-maldives,0.0,1
gallows-bay-bonaire-sint-eustatius-and-saba,0.0,1
galway-ireland,0.0,1
gambier-harbour-bc-canada,0.0,1
gan-maldives,0.0,1
ganavan-bay-united-kingdom,0.0,1
ganaveh-iran,0.0,1
gav-spain,0.0,1
gedser-denmark,7.552813480676617e-05,8
genoa-italy,0.005438313981410854,10
geoje-south-korea,0.025459900037648756,10
george-town-bahamas,0.0,1
georgetown-guyana,0.001141282006488501,9
gianyar-indonesia,0.0,1
gibraltar-gibraltar,0.0,1
gibsons-bc-canada,0.0,1
giglio-italy,0.0,1
gillies-bay-bc-canada,0.0,1
gimar-canary-islands-spain,0.0,1
girne-cyprus,0.0,1
girvan-united-kingdom,0.0,1
glen-lyon-united-kingdom,0.0,1
glenbarr-united-kingdom,0.0,1
goheung-south-korea,0.0,1
gold-river-bc-canada,0.0,1
golden-bay-malta,0.0,1
golfo-aranci-italy,0.0,1
goonhilly-downs-united-kingdom,0.0,1
goseong-ri-south-korea,1.7296519421396832e-06,8
governors-harbor-bahamas,0.0,1
gqeberha-south-africa,0.0,1
graciosa-portugal,1.1531012947597888e-06,8
gran-canaria-canary-islands-spain,0.0,1
granadilla-de-abona-spain,0.003081855393794662,10
grand-baie-rodrigues-mauritius,0.0,1
granite-bay-bc-canada,0.0,1
great-bay-beach-sint-maarten,0.0,1
great-bay-virgin-islands-u-s-,0.0,1
great-level-bay-bonaire-sint-eustatius-and-saba,0.0,1
great-nicobar-india,0.0,1
greenbank-wa-united-states,0.0,1
gresik-indonesia,0.0,1
greve-de-lecq-jersey,0.0022462413221920685,9
greymouth-new-zealand,0.0,1
groudle-bay-isle-of-man,0.0,1
grover-beach-ca-united-states,0.02893304113746524,10
guantanamo-bay-cuba,5.765506473798944e-07,8
guanyin-mountain-china,0.0,1
gulliver-mi-united-states,0.0,1
gump-of-spurness-united-kingdom,0.0,1
guningtou-taiwan,0.0,1
gustavia-saint-barthlemy,0.0014096663328438419,9
gustavus-ak-united-states,0.0,1
gusukube-japan,0.0,1
gutcher-united-kingdom,0.0,1
hachijo-japan,0.008156221779046957,10
hachinohe-japan,0.0,1
haggards-cove-bc-canada,0.0,1
hahajima-japan,0.0,1
haifa-israel,0.0,1
haina-dominican-republic,0.0,1
haines-ak-united-states,0.0,1
half-moon-bay-cayman-islands,0.004930949411716547,10
halifax-ns-canada,0.0014987434078640356,9
halul-island-qatar,0.0,1
hamns-finland,0.0,1
hanko-finland,0.00016201073191375034,8
hanstholm-denmark,0.0,1
hao-french-polynesia,0.0,1
haql-saudi-arabia,0.0006915725015321833,9
haradsholm-finland,0.0,1
haramous-djibouti,5.6501963443229655e-05,8
harbledown-island-bc-canada,0.0,1
harbour-pointe-wa-united-states,0.0,1
harbour-view-jamaica,0.0,1
hartley-bay-bc-canada,0.0,1
hasle-denmark,0.0,1
hat-island-wa-united-states,0.0,1
hateruma-japan,0.0,1
haugesund-norway,0.0,1
havelet-bay-guernsey,0.0,1
havelock-india,0.0,1
hawaii-kai-hi-united-states,0.0,1
hawk-inlet-ak-united-states,0.0,1
hawksbill-bahamas,0.0022623847403187057,9
heim-norway,0.0,1
helsingborg-sweden,0.0,1
helsingr-denmark,0.0,1
helsinki-finland,4.785370373253124e-05,8
hemnesberget-norway,0.0,1
heraklion-greece,0.0,1
heriot-bay-bc-canada,0.0,1
herlandsvika-norway,0.0,1
hermosa-beach-ca-united-states,0.0006595739406025992,9
herzeliyya-israel,0.0,1
highbridge-united-kingdom,0.0330105514533977,10
higuerote-venezuela,0.0,1
hillsboro-or-united-states,0.020111239681905476,10
hilo-hi-united-states,0.0,1
hirara-japan,0.0,1
hirtshals-denmark,0.0,1
hithadhoo-maldives,2.882753236899472e-06,8
hitiaa-french-polynesia,1.1531012947597887e-05,8
hitra-norway,0.0,1
hiva-oa-french-polynesia,0.0,1
hliopolis-france,0.0,1
holberg-bc-canada,0.0,1
hollis-ak-united-states,0.0,1
hollywood-fl-united-states,0.010434269478619484,10
holmar-united-kingdom,0.0,1
holyhead-united-kingdom,0.0007499482545793977,9
homer-ak-united-states,0.01400087904755371,10
hong-kong-china,0.0,1
honiara-solomon-islands,0.0003586145026702943,9
honolulu-hi-united-states,0.011974956946080407,10
hoonah-ak-united-states,0.0,1
hornby-island-bc-canada,0.0,1
horseshoe-bay-bc-canada,0.0,1
horten-norway,0.0,1
hosan-ri-south-korea,0.0,1
hot-springs-cove-bc-canada,0.0,1
houstrup-denmark,0.0,1
hoxa-united-kingdom,0.0,1
huahine-french-polynesia,0.0,1
hudishibana-aruba,0.0,1
hulhumale-maldives,0.010420864676067901,10
huxi-township-taiwan,0.0029581660615767623,10
hvik-norway,0.0,1
hyde-creek-bc-canada,0.0,1
hyllestad-norway,0.0,1
ibaraki-japan,0.0,1
ibiza-spain,0.0,1
igiugig-ak-united-states,2.4215127189955567e-05,8
igneada-turkey,0.0,1
ijmuiden-netherlands,0.0,1
ilhus-brazil,0.0,1
ilijan-philippines,0.0,1
illiamna-ak-united-states,0.0,1
ilo-peru,0.0,1
iloilo-city-philippines,1.0377911652838099e-05,8
ilyich-russia,5.765506473798944e-07,8
ilyinskoye-russia,0.0,1
inukjuak-qc-canada,0.0,1
invercargill-new-zealand,0.0,1
inverloch-vic-australia,0.0,1
iojima-japan,0.0,1
iquique-chile,0.0,1
iranduba-brazil,0.0,1
ishikari-japan,0.0007463255946783606,9
iskele-cyprus,0.0,1
isla-de-cozumel-mexico,0.0,1
isla-verde-pr-united-states,0.0016307735061140314,9
island-park-ny-united-states,0.0,1
isle-au-haut-me-united-states,0.0,1
isola-delle-femmine-italy,0.0,1
istanbul-turkey,0.0022463854598539137,9
it-japan,0.0,1
itacoatiara-brazil,0.0,1
itoman-japan,0.005939240402209419,10
itoshima-japan,0.0,1
ivory-island-bc-canada,0.0,1
ivujivik-qc-canada,0.0,1
ixtapa-zihuatanejo-mexico,0.0,1
jacksonville-fl-united-states,0.004218044536231307,10
jakarta-indonesia,0.006304629374986426,10
jarry-guadeloupe,0.0,1
jask-iran,3.2863386900653985e-05,8
jayapura-indonesia,0.007918538774664597,10
jdaide-lebanon,0.0,1
jeddah-saudi-arabia,0.004788973814799248,10
jimbaran-indonesia,5.765506473798944e-07,8
jincheng-township-taiwan,0.0,1
jinhu-township-taiwan,0.0,1
joetsu-japan,0.0,1
johnstone-point-ak-united-states,0.0,1
joo-pessoa-brazil,0.0,1
juelsminde-denmark,0.0,1
juneau-ak-united-states,0.0063822234829463064,10
juruti-brazil,0.0,1
juta-brazil,0.0,1
kadmat-india,0.0,1
kagoshima-japan,0.0,1
kahe-point-hi-united-states,0.0,1
kahului-hi-united-states,0.0,1
kaiete-point-bc-canada,0.0,1
kaikoura-new-zealand,0.0,1
kaimana-indonesia,0.0,1
kains-island-bc-canada,0.0,1
kalafati-greece,0.0,1
kalba-united-arab-emirates,0.0013201568448381132,9
kalemie-congo-dem-rep-,0.0,1
kalianda-indonesia,0.0016288708889776776,9
kaliko-haiti,0.0,1
kalpeni-india,0.0,1
kamorta-india,0.0,1
kampung-raja-malaysia,0.0,1
kampung-tekek-malaysia,0.0,1
kangiqsualujjuaq-qc-canada,0.0,1
kangiqsujuaq-qc-canada,3.11337349585143e-05,8
kangirsuk-qc-canada,0.0,1
kapolei-hi-united-states,0.0,1
karachi-pakistan,0.022233090201925335,10
kardamena-greece,0.0,1
karimun-indonesia,0.0,1
kasenyi-congo-dem-rep-,0.0,1
katong-singapore,0.0,1
katthammarsvik-sweden,0.0,1
kauditan-indonesia,0.0,1
kaukura-french-polynesia,0.0,1
kaunakakai-hi-united-states,0.001263895110831292,9
kavaratti-india,0.0,1
kavieng-papua-new-guinea,0.0,1
kavos-greece,0.0,1
kawaihae-hi-united-states,0.0022151075872335543,9
kaweni-mayotte,0.0007494197498192995,9
kawinda-nae-indonesia,1.7296519421396832e-06,8
keawaula-hi-united-states,0.00012511149048143708,8
kekaha-hi-united-states,0.0,1
kelibia-tunisia,0.02342640590433987,10
kenai-ak-united-states,0.0,1
kendal-indonesia,0.0,1
kendari-indonesia,0.004169729591980874,10
kep-aru-indonesia,0.0,1
kerch-ukraine,0.0,1
kerema-papua-new-guinea,0.0,1
ketapang-indonesia,0.0,1
ketchikan-ak-united-states,0.042834522853410634,10
khark-island-iran,0.0,1
khasab-oman,0.0008607901165381824,9
kiamsam-malaysia,0.0,1
kihei-hi-united-states,0.0,1
kikori-papua-new-guinea,0.0,1
kilchatten-bay-united-kingdom,0.0,1
kilchoan-ferry-united-kingdom,0.0,1
killala-ireland,0.0,1
kilmore-quay-ireland,0.0007499482545793977,9
kiloran-bay-united-kingdom,0.0,1
kiltan-india,0.0,1
kimbe-papua-new-guinea,0.0,1
king-cove-ak-united-states,0.0,1
kingcome-inlet-bc-canada,0.0,1
kingisepp-russia,0.0,1
kingscote-sa-australia,0.0,1
kingstown-saint-vincent-and-the-grenadines,0.005969028852324047,10
kinoguitan-philippines,0.0,1
kista-sweden,0.0,1
kitadaito-japan,0.007412519489814175,10
kitaibaraki-japan,0.0,1
kitakyushu-japan,0.0075772207914156986,10
kitamaat-village-bc-canada,0.0,1
kitimat-bc-canada,0.0,1
kitkatla-bc-canada,0.0,1
kkar-finland,0.0,1
klagshamn-sweden,0.0,1
klaipeda-lithuania,0.0,1
klemtu-bc-canada,0.0,1
ko-olina-hi-united-states,0.0,1
kochi-india,0.008504122048853443,10
kochilari-greece,0.0,1
kodiak-ak-united-states,0.009612290829827428,10
koh-samui-thailand,0.0,1
kokar-indonesia,0.0,1
kokhanok-ak-united-states,0.0,1
kokkini-greece,0.0,1
koko-head-hi-united-states,0.0006342537580051656,9
kokopo-papua-new-guinea,0.0,1
kolhufushi-maldives,0.0,1
kolobrzeg-poland,0.0,1
komesu-japan,0.0,1
konstanz-germany,5.765506473798944e-07,8
kontokali-greece,0.0,1
korakia-greece,0.0007499482545793977,9
korsor-denmark,0.0,1
kosrae-micronesia,0.0,1
kota-kinabalu-malaysia,0.0,1
kota-mappi-indonesia,0.0,1
kotka-finland,0.0,1
kotzebue-ak-united-states,0.0,1
kourou-french-guiana,0.0,1
kozushima-japan,0.0,1
krabozavodskoye-russia,0.0,1
kralendijk-bonaire-netherlands,0.0,1
krdla-estonia,0.0,1
kremasti-greece,0.0,1
kribi-cameroon,0.003535744890944482,10
kristiansand-norway,0.041656072548521064,10
kristiansund-norway,0.0,1
kristinelund-sweden,0.0,1
krst-norway,0.0014987434078640356,9
kuakata-bangladesh,0.0,1
kuala-rompin-malaysia,0.0,1
kuala-sedili-malaysia,0.0,1
kuala-tungkal-indonesia,0.0025495453994237183,9
kuching-malaysia,0.0013819919017696069,9
kudahuvadhoo-maldives,0.0,1
kulhudhufushi-maldives,0.0018351607106102039,9
kumejima-japan,0.0,1
kungsbacka-sweden,0.0,1
kupang-indonesia,0.011255152681181518,10
kurilsk-russia,0.0,1
kuroshima-japan,0.0,1
kuujjuaq-qc-canada,0.0,1
kuujjuarapik-qc-canada,0.0,1
kuwait-city-kuwait,0.002938102099047942,10
kwa-ibo-nigeria,0.0,1
kwajalein-marshall-islands,0.0,1
kwakiutl-cluxewe-bc-canada,0.0,1
kwikwasutinuxw-haxwamis-bc-canada,0.0,1
kyuquot-bc-canada,0.0,1
la-guaira-venezuela,0.0,1
la-lnea-spain,0.0,1
la-maddalena-italy,0.0,1
la-paz-mexico,0.0,1
la-serena-chile,0.0,1
la-seyne-france,0.0,1
la-tour-fondue-france,0.0,1
la-union-philippines,0.0004427908971877589,9
labuan-bajo-indonesia,0.0,1
labuha-indonesia,0.0,1
lae-papua-new-guinea,0.0,1
laeso-denmark,2.3062025895195776e-06,8
lagavulin-united-kingdom,0.0,1
lagos-nigeria,0.004230776696360946,10
lagunen-sweden,0.0,1
lahaina-hi-united-states,0.0,1
laig-united-kingdom,0.0,1
lake-ci-taiwan,0.0,1
lakudo-indonesia,0.0,1
lamaline-nl-canada,0.0,1
lampedusa-italy,0.0,1
lancresse-bay-guernsey,5.765506473798944e-07,8
landeyjar-iceland,0.004482393008054989,10
lannion-france,0.033006948011851577,10
lanse--beaufils-qc-canada,0.0,1
lantau-island-china,0.028464545690581797,10
largs-united-kingdom,0.0,1
larne-united-kingdom,0.0,1
larsen-bay-ak-united-states,0.0,1
larvik-norway,0.0007735868311219734,9
las-caletillas-spain,0.0,1
las-palmas-spain,0.0,1
las-toninas-argentina,0.00098244230313534,9
lavrio-greece,0.0,1
lax-kwalaams-bc-canada,0.0,1
le-lamentin-martinique,0.012832143621072465,10
le-lavandou-france,0.0,1
le-porge-france,0.0,1
le-port-runion,0.0,1
leava-wallis-and-futuna,0.0,1
lecanvey-ireland,0.0,1
lefdal-norway,0.0,1
leganes-philippines,0.0,1
legazpi-city-philippines,0.0,1
leiston-united-kingdom,0.0,1
lena-point-ak-united-states,0.01324851888943277,10
les-les-de-la-madeleine-qc-canada,0.0,1
lesund-norway,0.0,1
levanzo-italy,0.0,1
leverburgh-united-kingdom,0.0,1
levin-new-zealand,0.0,1
libreville-gabon,0.00817390266556661,10
licata-italy,0.0,1
liepaja-latvia,0.0,1
lihue-hi-united-states,0.0,1
liloan-philippines,3.3439937548033874e-05,8
liloy-philippines,0.0,1
limbe-cameroon,0.0,1
linao-chile,0.0,1
lingang-china,0.0,1
lingao-china,0.0,1
lingga-indonesia,0.0,1
lingshui-china,3.8052342727073034e-05,8
linksness-united-kingdom,0.0,1
linosa-italy,0.0007493717039320178,9
lipari-italy,0.0,1
lista-norway,0.002992874410549032,10
little-andaman-india,0.0,1
lle-rousse-france,0.0,1
lochmaddy-united-kingdom,0.0,1
logi-russia,0.0,1
lokalahti-finland,0.0,1
lombok-indonesia,0.0,1
lome-togo,0.0003505427936069758,9
long-island-india,0.0,1
longyearbyen-svalbard-norway,0.0007499482545793977,9
lorengau-papua-new-guinea,0.0,1
los-angeles-ca-united-states,0.012214321556517627,10
los-realejos-canary-islands-spain,0.0,1
loughshinny-ireland,0.0,1
lowestoft-united-kingdom,0.0022475385611486734,9
luanda-angola,0.002987877638271739,10
lucena-philippines,0.0,1
ludag-united-kingdom,0.0,1
lumut-malaysia,0.0,1
luna-philippines,0.0,1
lund-bc-canada,0.0,1
lurin-peru,0.0016386530316282232,9
lusk-ireland,0.0,1
luwuk-indonesia,0.0007412135122715922,9
lyngsa-denmark,3.4593038842793665e-06,8
lynn-ma-united-states,0.011128148182741188,10
lynnwood-wa-united-states,0.0,1
maafushi-maldives,0.0,1
maamigili-maldives,0.0,1
maasin-philippines,0.0014370717069492995,9
maca-brazil,0.0,1
macap-brazil,0.0001533624722030519,8
macei-brazil,0.0,1
machico-portugal,0.0,1
macoah-bc-canada,0.0,1
madang-papua-new-guinea,0.007568956898803254,10
madura-indonesia,0.0,1
magachgil-yap-micronesia,0.0,1
magens-bay-vi-united-states,0.0034747266140967787,10
magong-taiwan,0.0,1
mahajanga-madagascar,0.0,1
mahuma-curaao,0.0,1
maiquetia-venezuela,0.0,1
majuro-marshall-islands,0.0,1
makaha-hi-united-states,0.00963944636531902,10
makassar-indonesia,0.0017112023214235267,9
makemo-french-polynesia,0.0,1
makena-hi-united-states,0.0,1
makurazaki-japan,0.0,1
malabo-equatorial-guinea,0.0,1
maldonado-uruguay,0.0,1
male-maldives,0.0,1
malfa-italy,0.0,1
mallaig-united-kingdom,0.0,1
mallorca-spain,0.0,1
mamoudzou-mayotte,0.0,1
mamu-china,0.0,1
manacapuru-brazil,0.0,1
manado-indonesia,0.029551103431456477,10
manama-bahrain,0.00020121617593558315,8
manasquan-nj-united-states,0.0012704293515015974,9
manaus-brazil,0.00029058152627946677,9
manchester-ca-united-states,0.0,1
mancora-peru,0.0,1
manele-bay-hi-united-states,0.0009801841464331022,9
mangalia-romania,0.0,1
mangawhai-new-zealand,0.0,1
manihi-french-polynesia,0.0,1
maniitsoq-greenland,0.0,1
manokwari-indonesia,0.0025147217403219723,9
mansons-landing-bc-canada,0.0,1
manta-ecuador,0.0022463854598539137,9
manzanillo-mexico,0.0,1
maputo-mozambique,0.001070078001537084,9
maracaibo-venezuela,0.0,1
marettimo-italy,0.0,1
maria-chiquita-panama,0.0107019331166656,10
mariehamn-finland,0.0,1
marigot-saint-martin,0.0,1
marina-di-ragusa-italy,0.0,1
markgrafenheide-germany,0.0,1
marlas-greece,0.0,1
marmaris-turkey,0.0,1
maroochydore-qld-australia,0.0,1
maroubra-nsw-australia,0.0,1
marsala-italy,0.0,1
marseille-france,0.012327037208080401,10
martin-valley-bc-canada,0.0,1
maruyama-japan,0.025881214423221614,10
masbate-city-philippines,0.000722571708006309,9
masohi-indonesia,0.0,1
mata-utu-wallis-and-futuna,0.0,1
matara-sri-lanka,0.004409267167612306,10
mataram-indonesia,0.0,1
matnog-philippines,0.0,1
matthew-town-bahamas,0.0,1
maxwelton-wa-united-states,0.0,1
mayaguana-bahamas,0.0,1
maywick-united-kingdom,0.0,1
mazara-del-vallo-italy,0.028185687360799055,10
mazatln-mexico,0.0,1
mcgaurans-beach-vic-australia,0.0,1
mchugh-point-ak-united-states,0.0,1
mcinnes-island-bc-canada,0.0,1
medan-indonesia,0.008724940946799943,10
meersburg-germany,0.0,1
meimen-chile,0.0,1
melaka-malaysia,0.0026284944014049387,9
melbourne-vic-australia,0.0016281790282008219,9
melilla-spain,5.765506473798944e-07,8
melkbosstrand-south-africa,0.0002379712797060514,8
mellieha-malta,0.0,1
melonguane-indonesia,0.0,1
mentigi-indonesia,0.0002669429497368911,9
merauke-indonesia,0.0,1
meremisa-estonia,0.0,1
mersing-malaysia,0.001683912257447545,9
mestre-italy,0.0,1
metlakatla-bc-canada,0.0,1
mgarr-ix-xini-malta,0.0,1
mijo-myeon-south-korea,0.0,1
mikurashima-japan,0.0,1
milagros-philippines,0.0,1
milton-nl-canada,0.0,1
minamiboso-japan,0.011597316272046576,10
minamidaito-japan,0.006676456496659176,10
minicoy-india,0.0,1
miquelon-langlade-saint-pierre-and-miquelon,0.0,1
miramar-pr-united-states,0.0,1
miri-malaysia,0.0,1
misuratah-libya,0.0,1
mitchell-bay-bc-canada,0.0,1
miura-japan,0.008879456520297754,10
miyake-japan,1.1531012947597888e-06,8
miyazaki-japan,0.0,1
mo-i-rana-norway,0.0,1
mogadishu-somalia,2.8250981721614828e-05,8
molde-norway,0.0,1
mombasa-kenya,0.004345173953978571,10
monaco-monaco,0.0,1
monrovia-liberia,0.0,1
mont-dore-new-caledonia,0.0,1
monte-alegre-brazil,0.0,1
monte-carlo-monaco,0.0,1
montego-bay-jamaica,0.001431286982120588,9
moorea-french-polynesia,0.0,1
morant-point-jamaica,0.0,1
morar-united-kingdom,0.0,1
morib-malaysia,0.0,1
moroni-comoros,0.004691392617730201,10
morotai-indonesia,0.0,1
morowali-indonesia,0.0,1
morris-bay-antigua-and-barbuda,0.0,1
morro-bay-ca-united-states,0.0031231748568568882,10
morrojable-canary-islands-spain,0.0,1
moss-norway,0.0,1
mossbank-united-kingdom,0.0,1
mouly-new-caledonia,0.0,1
moura-brazil,7.264538156986669e-05,8
mpeefu-uganda,0.0,1
mt-lavinia-sri-lanka,0.0007494197498192995,9
mtunzini-south-africa,0.0007829557791418966,9
mtwapa-kenya,0.0,1
muanda-congo-dem-rep-,0.001762419237265774,9
mumbai-india,0.013194649840612574,10
muncar-indonesia,0.0,1
muntok-indonesia,0.0007087344924691915,9
murakami-japan,0.0,1
murdeira-cape-verde,0.0,1
muroran-japan,0.0,1
muscat-oman,0.0014615558911080324,9
mustique-saint-vincent-and-the-grenadines,0.0,1
mutsamudu-comoros,5.765506473798944e-07,8
mykonos-greece,4.612405179039155e-06,8
myrtle-beach-sc-united-states,0.014950534837208042,10
nabas-philippines,0.0,1
nabire-indonesia,0.0,1
nacala-mozambique,0.0,1
nador-morocco,0.0,1
naga-philippines,0.0,1
nago-japan,0.0,1
naha-japan,0.011805258872201595,10
nahariyya-israel,0.0,1
nahodka-russia,5.765506473798944e-06,8
nakadomari-japan,0.0,1
naknek-ak-united-states,0.0,1
namlea-indonesia,0.0,1
nangan-taiwan,0.0,1
nanhui-china,0.05069494532281935,10
nanny-cay-virgin-islands-u-k-,0.0,1
naousa-greece,6.918607768558733e-06,8
naples-fl-united-states,0.0,1
narragansett-ri-united-states,0.0,1
narrow-cape-ak-united-states,0.0,1
narvik-norway,0.0,1
nassau-bahamas,0.005637223954756918,10
nasugbu-philippines,0.0007939102414421146,9
natadola-fiji,0.0,1
natal-brazil,0.0,1
natuna-indonesia,0.0,1
naxos-greece,0.0,1
neapoli-greece,0.0,1
nedonna-beach-or-united-states,0.0,1
needhams-point-barbados,0.0,1
negril-jamaica,0.0,1
neiafu-tonga,0.0004525922581932171,9
nelson-new-zealand,0.0,1
neom-saudi-arabia,0.0,1
nesna-norway,0.0022463854598539137,9
netanya-israel,0.0007564344493624215,9
nevelsk-russia,0.0,1
new-haven-ct-united-states,0.0,1
new-plymouth-new-zealand,0.003641378578721938,10
new-victoria-ns-canada,0.0,1
newcastle-united-kingdom,0.0007499482545793977,9
newhalen-ak-united-states,0.0,1
ngeremlengui-palau,0.00016561417345987468,8
ngwe-saung-myanmar,0.00031691067250981525,9
niijima-japan,0.0,1
nikiski-ak-united-states,0.0,1
ninomiya-japan,0.0,1
nkusi-uganda,0.0,1
nome-ak-united-states,0.003720096960444206,10
nondalton-ak-united-states,0.0,1
nongsa-indonesia,0.0007771902726680977,9
nopigeia-greece,0.0,1
noro-solomon-islands,0.0,1
north-bay-united-kingdom,0.0,1
north-miami-beach-fl-united-states,0.0005320121098697976,9
north-salina-bonaire-sint-eustatius-and-saba,0.0,1
northport-ny-united-states,0.0,1
nothamnsbacken-sweden,0.0,1
nouakchott-mauritania,0.0,1
noumea-new-caledonia,0.0020805791028449118,9
nova-sintra-cape-verde,0.0,1
novo-airo-brazil,0.0001533624722030519,8
nsby-sweden,0.0,1
nuchatlaht-bc-canada,0.0,1
nuku-hiva-french-polynesia,0.0,1
nukualofa-tonga,0.0013662328507412233,9
nukunonu-tokelau,0.0014982629489912191,9
numbulwar-nt-australia,0.0,1
nuuk-greenland,0.0022463854598539137,9
nyali-kenya,0.0,1
nybor-denmark,0.0,1
nybro-sweden,0.0,1
nynashamn-sweden,0.0,1
nzeto-angola,0.0,1
oak-harbor-wa-united-states,0.0,1
oara-new-zealand,0.0,1
ocean-falls-bc-canada,0.0,1
ocho-rios-jamaica,0.0024597091993844747,9
odie-united-kingdom,1.508640860644057e-05,8
okha-russia,0.0,1
okhotskoe-russia,0.0,1
ola-russia,0.0,1
olbia-italy,0.001272447278767427,9
old-bella-bella-bc-canada,0.0,1
olonkinbyen-norway,0.0,1
ondong-siau-indonesia,0.0,1
oona-river-bc-canada,0.0,1
open-bay-bc-canada,0.0,1
opitsat-bc-canada,0.0,1
oran-algeria,0.0,1
oriximin-brazil,0.0,1
ormoc-philippines,7.322193221724659e-05,8
ormsary-united-kingdom,0.0,1
oshima-japan,2.3062025895195776e-06,8
oskarshamn-sweden,0.0,1
oslo-norway,3.689924143231324e-05,8
osoviny-ukraine,0.0,1
ostend-belgium,0.0,1
osterby-denmark,0.0,1
oteranga-bay-new-zealand,0.0,1
otranto-italy,0.0,1
otter-ferry-united-kingdom,0.0,1
ouzinkie-ak-united-states,0.0,1
owia-saint-vincent-and-the-grenadines,0.0,1
oxford-falls-nsw-australia,0.0005073645696943071,9
oxwich-bay-united-kingdom,0.0,1
ozamiz-city-philippines,0.0,1
pa-li-taiwan,0.0,1
pachi-greece,0.0,1
pacific-city-or-united-states,0.0,1
padang-galak-indonesia,0.0,1
padang-indonesia,0.0,1
paddington-nsw-australia,6.976262833296723e-05,8
pago-pago-american-samoa,0.0018186329253853137,9
palanas-philippines,0.0,1
palembang-indonesia,0.0,1
palermo-italy,0.016849692669677414,10
palma-spain,0.0,1
palompon-philippines,0.0,1
panama-city-panama,0.0,1
pangai-tonga,0.0,1
panipahan-indonesia,0.0,1
pankalan-indonesia,0.0,1
pantai-teluk-baharu-malaysia,0.0,1
pantelleria-italy,0.0,1
papenoo-french-polynesia,0.0,1
paramaribo-suriname,0.0,1
paraparaumu-new-zealand,0.0,1
parintins-brazil,0.0,1
parque-isla-de-salamanca-colombia,0.0,1
pasacao-philippines,4.612405179039155e-06,8
pascagoula-ms-united-states,0.0,1
patti-italy,0.0,1
pedersker-denmark,0.0,1
pedro-bay-ak-united-states,0.0,1
peel-isle-of-man,1.7296519421396832e-06,8
pegwell-barbados,0.0,1
pelican-ak-united-states,0.0,1
pembroke-guernsey,0.0,1
penang-malaysia,0.006313229588809844,10
penarik-indonesia,0.0,1
penmarch-france,0.0,1
pentaskhinos-cyprus,0.002676203967475625,9
perivolos-greece,0.0,1
perryville-ak-united-states,0.0,1
perth-wa-australia,0.005764257280729621,10
pesaren-indonesia,0.0,1
petersburg-ak-united-states,0.013027969048455048,10
petit-perello-france,0.0,1
petropavlovsk-kamchatsky-russia,0.0,1
pevek-russia,0.0,1
pevensey-bay-united-kingdom,0.0,1
phetchaburi-thailand,0.0,1
philipsburg-sint-maarten,0.0,1
piedra-santa-spain,0.0,1
pigeon-point-trinidad-and-tobago,0.0,1
pik2-indonesia,0.0,1
pile-bay-ak-united-states,8.071709063318522e-06,8
pinamalayan-philippines,0.02503359848897608,10
pine-island-bc-canada,0.0,1
pirgaki-greece,0.0,1
piti-guam,0.029996825127768433,10
placer-philippines,0.0,1
plataria-greece,0.0,1
platinum-ak-united-states,0.0,1
playa-blanca-canary-islands-spain,0.005225422654865828,10
playa-de-benitez-spain,0.0,1
playa-de-la-ribera-spain,0.0,1
playa-del-carmen-mexico,0.0,1
plerin-france,0.0,1
plimmiri-greece,0.0,1
pohang-south-korea,0.0,1
pohnpei-micronesia,0.002988454188919119,10
poindimie-new-caledonia,0.0,1
point-hope-ak-united-states,0.0,1
point-roberts-wa-united-states,0.0,1
point-salines-grenada,0.0,1
pointe-a-pitre-guadeloupe,0.0,1
pointe-au-pre-qc-canada,0.0,1
pointe-noire-congo-rep-,0.00038273353808568653,9
ponce-pr-united-states,0.0,1
ponta-de-pedras-brazil,0.0,1
ponta-delgada-portugal,0.005966914833283653,10
pontianak-indonesia,0.0037694112591500997,10
ponza-italy,0.0,1
popondetta-papua-new-guinea,0.0,1
porlamar-venezuela,0.0,1
porquerolles-france,0.0,1
porsgrunn-norway,0.0,1
port-alberni-bc-canada,0.0,1
port-alice-bc-canada,0.0,1
port-alsworth-ak-united-states,0.0,1
port-antonio-jamaica,0.0,1
port-appin-united-kingdom,0.0,1
port-askaig-united-kingdom,0.0,1
port-au-prince-haiti,0.0,1
port-blair-india,0.0,1
port-cros-france,0.0,1
port-erin-isle-of-man,0.0,1
port-eynon-united-kingdom,0.0,1
port-gentil-gabon,0.0,1
port-grenaugh-isle-of-man,0.0,1
port-hardy-bc-canada,0.0,1
port-hedland-wa-australia,0.0,1
port-lions-ak-united-states,0.0,1
port-moresby-papua-new-guinea,0.006635905767793459,10
port-nelson-bahamas,0.0,1
port-neville-bc-canada,0.0,1
port-nl-france,0.0,1
port-of-spain-trinidad-and-tobago,0.0,1
port-ramsay-united-kingdom,0.0,1
port-said-egypt,0.015058493945929927,10
port-sudan-sudan,0.0008221612231637294,9
port-vila-vanuatu,0.0,1
portachur-point-united-kingdom,0.0,1
portage-ak-united-states,0.0,1
porthcressa-beach-united-kingdom,0.0,1
porthcurno-united-kingdom,0.03389848749625002,10
porto-novo-cape-verde,0.0,1
porto-rafti-greece,0.0,1
porto-santo-portugal,0.0,1
porto-seguro-brazil,0.0,1
portoferraio-italy,0.0,1
portoscuso-italy,0.0,1
portpatrick-united-kingdom,0.0,1
portrane-ireland,0.0,1
poti-georgia,1.1531012947597888e-06,8
powell-river-bc-canada,0.0,1
pozzallo-italy,0.0,1
praia-cape-verde,0.028107708885740924,10
praia-grande-brazil,0.00032954674086489125,9
preveza-greece,0.0,1
prince-rupert-bc-canada,0.043151318215790976,10
pringgabaya-indonesia,0.0,1
propriano-france,0.0,1
providenciales-turks-and-caicos-islands,0.0,1
prudhoe-bay-ak-united-states,0.0,1
puerto-ayora-ecuador,0.0,1
puerto-baquerizo-moreno-ecuador,0.0,1
puerto-barrios-guatemala,0.0011368137389713069,9
puerto-cabello-venezuela,0.0,1
puerto-cabezas-nicaragua,0.0,1
puerto-chacabuco-chile,0.0,1
puerto-colombia-colombia,0.0,1
puerto-cortes-honduras,5.592541279584976e-05,8
puerto-del-rosario-canary-islands-spain,0.0014975903065692756,9
puerto-general-villamil-ecuador,0.0,1
puerto-la-cruz-venezuela,0.0,1
puerto-lempira-honduras,0.0,1
puerto-limon-costa-rica,0.0003515517572398906,9
puerto-montt-chile,0.002245664771544689,9
puerto-plata-dominican-republic,0.008188604707074795,10
puerto-saavedra-chile,0.0,1
puerto-san-jose-guatemala,0.00021217063823580115,8
puerto-viejo-venezuela,0.0,1
puerto-williams-chile,0.0,1
puger-indonesia,0.0,1
pulau-perhentian-besar-malaysia,0.0,1
pulau-perhentian-kecil-malaysia,0.0,1
pulteney-point-bc-canada,0.0,1
punta-arenas-chile,0.0,1
punta-cana-dominican-republic,0.0017485339758413748,9
punta-carnero-ecuador,0.0,1
punta-del-este-uruguay,0.0,1
punta-dungeness-argentina,0.0,1
punta-salinas-pr-united-states,0.0,1
punto-fijo-venezuela,0.007191892775416803,10
puttgarden-germany,0.0,1
puvirnituq-qc-canada,2.5368228484715355e-05,8
qalhat-oman,0.0003142201028220425,9
qaqortoq-greenland,0.0,1
qingdao-china,1.0377911652838099e-05,8
qualicum-beach-bc-canada,0.0,1
quaqtaq-qc-canada,0.0,1
quatsino-bc-canada,0.0,1
queens-cove-bc-canada,0.0,1
quellon-chile,0.0,1
quinhagak-ak-united-states,0.0,1
quoyness-united-kingdom,0.0,1
quy-nhon-vietnam,0.0024001322991552185,9
raglan-new-zealand,0.0007443268857674437,9
raha-indonesia,0.0,1
ranai-indonesia,0.0,1
rangat-india,0.0,1
rangiroa-french-polynesia,0.0,1
rapness-united-kingdom,0.0,1
rarotonga-cook-islands,0.0,1
ras-ghareb-egypt,0.00020525203046724242,8
ras-lanuf-libya,0.0,1
ratmalana-sri-lanka,0.0,1
rayong-thailand,0.0,1
rdvig-denmark,0.0,1
rebun-japan,0.0,1
recife-brazil,0.0,1
redondo-beach-ca-united-states,0.0,1
refuge-cove-bc-canada,0.0,1
rengit-malaysia,0.0,1
riding-point-bahamas,0.0,1
ridley-island-bc-canada,0.0,1
rio-de-janeiro-brazil,0.0023365675902815857,9
riohacha-colombia,0.0,1
rishirifuji-japan,0.0,1
rishon-lezion-israel,0.0,1
rnne-denmark,2.0179272658296305e-05,8
rock-sound-bahamas,0.0,1
rockly-bay-trinidad-and-tobago,0.0,1
rodbyhavn-denmark,0.0,1
rodney-bay-saint-lucia,0.0,1
rome-italy,0.0,1
roquetas-de-mar-spain,0.0,1
rosarito-mexico,0.0,1
rose-blanche-nl-canada,0.0,1
roseau-dominica,0.0,1
rostock-germany,8.936535034388363e-05,8
rota-northern-mariana-islands,0.0,1
rota-spain,0.0,1
roxas-city-philippines,0.0028666482554826605,9
roxas-philippines,0.0007196889547694095,9
rrvik-norway,0.0,1
rst-norway,0.0,1
ruperts-bay-saint-helena-ascension-and-tristan-da-cunha,0.0,1
ruppione-france,0.0,1
rurutu-french-polynesia,0.0,1
saeby-denmark,0.0,1
sagunto-spain,0.0,1
saida-lebanon,0.0,1
saint-franois-guadeloupe,0.0,1
saint-hilaire-de-riez-france,0.0,1
saint-john-nb-canada,0.0,1
saint-louis-guadeloupe,0.0,1
saint-maarten-sint-maarten,0.0,1
saint-paul-runion,0.0,1
saint-pierre-saint-pierre-and-miquelon,0.0,1
sainte-anne-des-monts-qc-canada,0.0,1
sainte-marie-runion,0.0,1
saints-bay-guernsey,0.0029926822269999054,10
saipan-northern-mariana-islands,0.0,1
sakra-island-singapore,0.0,1
sal-rei-cape-verde,2.3062025895195776e-06,8
salakan-indonesia,0.0,1
salalah-oman,0.002745966595808592,9
salinas-ecuador,0.0,1
salluit-qc-canada,0.0,1
salmon-beach-bc-canada,0.0,1
saltcoats-united-kingdom,0.0,1
saltery-bay-bc-canada,0.0,1
salvador-brazil,0.007393685501999767,10
samandag-turkey,0.0,1
san-andres-colombia,0.0,1
san-blas-fl-united-states,0.0,1
san-carlos-philippines,3.747579207969314e-05,8
san-diego-ca-united-states,0.0,1
san-domino-italy,0.0,1
san-foca-italy,0.0007498041169175526,9
san-jose-de-buenavista-philippines,0.0,1
san-jose-northern-mariana-islands,0.0,1
san-jose-philippines,1.1531012947597888e-06,8
san-juan-philippines,0.0,1
san-juan-pr-united-states,0.024541166581048896,10
san-luis-obispo-ca-united-states,0.0,1
san-nicola-di-tremiti-italy,0.0,1
san-pedro-belize,0.0,1
san-pedro-de-la-paz-chile,0.0,1
san-remigio-philippines,0.0,1
san-sebastian-de-la-gomera-canary-islands-spain,0.000749900208692116,9
sanana-indonesia,0.00038571238309714935,9
sand-point-ak-united-states,0.0,1
sandgarth-united-kingdom,0.0,1
sandnessjen-norway,0.0,1
sandwick-united-kingdom,0.0,1
sandy-point-bahamas,0.003063069451867534,10
sandy-point-vic-australia,0.0,1
sandymount-ireland,0.0,1
sangano-angola,0.0018253593496047457,9
sangata-indonesia,0.0,1
sangatta-indonesia,0.0,1
santa-barbara-ca-united-states,0.0,1
santa-cruz-de-la-palma-canary-islands-spain,0.000749900208692116,9
santa-isabel-do-rio-negro-brazil,0.0,1
santa-magdalena-philippines,0.0,1
santa-maria-do-boiau-brazil,0.0,1
santa-marta-colombia,0.0,1
santa-ponsa-spain,0.0,1
santa-teresa-gallura-italy,0.0,1
santander-spain,0.0,1
santarm-brazil,0.00021562994212008052,8
santiago-de-cuba-cuba,0.0,1
santo-antnio-do-i-brazil,0.0,1
santo-domingo-dominican-republic,0.0,1
santo-stefano-italy,0.0,1
santos-brazil,0.0003353122473386902,9
sanur-indonesia,0.0,1
sao-filipe-cape-verde,0.0,1
sao-mateus-portugal,0.0,1
sao-pedro-cape-verde,2.3062025895195776e-06,8
sao-tome-sao-tome-and-principe,0.0007494197498192995,9
sape-indonesia,0.0,1
sapporo-japan,0.0,1
saraemee-indonesia,0.0,1
sardina-canary-islands-spain,0.0,1
sarita-bc-canada,0.0,1
sarmi-indonesia,0.0,1
sasanlagu-northern-mariana-islands,0.0,1
sassari-italy,0.0,1
sassnitz-germany,0.0,1
satun-thailand,0.008999811467938306,10
savona-italy,0.0007499482545793977,9
savusavu-fiji,0.0004975632086888489,9
sayward-bc-canada,0.0,1
scarinish-united-kingdom,0.0,1
scarlett-point-bc-canada,0.0,1
schoelcher-martinique,5.765506473798944e-07,8
schooner-bight-colombia,0.0,1
scoor-united-kingdom,0.0,1
scuthvie-bay-united-kingdom,0.0,1
seaford-bc-canada,0.0,1
seattle-wa-united-states,2.3062025895195776e-06,8
seba-indonesia,0.0,1
seixal-portugal,0.0009293996435763898,9
seman-albania,0.0,1
semarang-indonesia,0.0,1
sendai-japan,0.0,1
senggigi-indonesia,2.882753236899472e-06,8
sept-les-qc-canada,0.0,1
seraya-indonesia,0.0,1
serwaru-indonesia,0.0,1
ses-covetes-spain,5.765506473798944e-07,8
sesimbra-portugal,0.008180677135673322,10
seward-ak-united-states,0.02754974238756158,10
seydisfjordur-iceland,0.0,1
shantou-china,0.0030078647273809093,10
sharjah-united-arab-emirates,0.0,1
shawl-bay-bc-canada,0.0,1
shearwater-bc-canada,0.0,1
shikinejima-japan,0.0,1
shima-japan,0.1036720318548076,10
shindu-ri-south-korea,0.0,1
shiraho-japan,0.00961378986151061,10
shirley-ny-united-states,0.0007499482545793977,9
shoreham-ny-united-states,0.0,1
siargao-island-philippines,0.0,1
siboney-cuba,0.0,1
sidi-kerir-egypt,0.0,1
sihanoukville-cambodia,0.0013374053183722284,9
silecroft-beach-united-kingdom,0.0,1
sines-portugal,0.024721915209002493,10
singapore-singapore,0.0018126752353623881,9
singkawang-indonesia,0.0,1
sir-abu-nuayr-island-united-arab-emirates,0.0,1
sirte-libya,0.0,1
sisimiut-greenland,0.0,1
sitia-greece,0.0,1
sitio-brazil,0.0,1
sitka-ak-united-states,0.0,1
sizewell-united-kingdom,0.0,1
skagway-ak-united-states,0.0,1
skaill-united-kingdom,0.0,1
skalvik-sweden,0.0,1
skatrarna-finland,0.0,1
skelberry-united-kingdom,0.0,1
skewjack-united-kingdom,0.0,1
smith-island-bc-canada,0.0,1
snaw-naw-as-bc-canada,0.0,1
snug-cove-bc-canada,0.0,1
so-gabriel-da-cachoeira-brazil,0.0,1
so-mateus-brazil,0.0,1
so-miguel-portugal,0.005537000233887379,10
so-paulo-de-olivena-brazil,0.0,1
so-sebastio-da-boa-vista-brazil,0.0,1
sochi-russia,0.0,1
sofifi-indonesia,0.00026233054455785195,9
songkhla-thailand,0.017167948627031134,10
sorong-indonesia,0.008513539042760646,10
soroosh-platform-iran,0.0,1
south-arne-denmark,0.0,1
southport-united-kingdom,0.0014993199585114155,9
sovetskaya-gavan-russia,5.765506473798944e-07,8
soyo-angola,0.0014950919204306295,9
spencer-beach-hi-united-states,0.0,1
squirrel-cove-bc-canada,0.0,1
sriracha-thailand,0.0007627765064836003,9
st-croix-virgin-islands-u-s-,0.03119196657389967,10
st-davids-bermuda,0.0012913293124691184,9
st-florent-france,0.0,1
st-georges-bay-malta,0.0,1
st-johns-antigua-and-barbuda,0.0,1
st-joseph-mi-united-states,0.0,1
st-louis-saint-martin,0.0,1
st-ouens-bay-jersey,0.0,1
st-pauls-bay-malta,0.0,1
stanley-tas-australia,0.0,1
stavanger-norway,0.0036949689613958985,10
stavsnas-sweden,5.765506473798944e-07,8
stintino-italy,0.0,1
stockholm-sweden,0.00018622585910370589,8
stonington-me-united-states,0.0,1
stories-beach-bc-canada,0.0,1
stove-united-kingdom,4.708496953602472e-06,8
stromboli-italy,0.0,1
sture-norway,0.0,1
suemlaki-indonesia,0.0,1
suez-egypt,0.004288960265859035,10
sugar-dock-saipan-northern-mariana-islands,0.0,1
sumbawa-besar-indonesia,6.918607768558733e-06,8
sumburgh-united-kingdom,0.0,1
sumgait-azerbaijan,0.0,1
sungai-kakap-indonesia,0.0,1
sungailiat-indonesia,0.0006939363591864408,9
sungsang-indonesia,0.0051426011543697055,10
supiori-indonesia,0.0,1
surabaya-indonesia,0.0,1
surge-narrows-bc-canada,0.0,1
surigao-city-philippines,0.0,1
suro-guinea-bissau,0.0,1
surville-france,0.0,1
suva-fiji,0.023986620950044002,10
sventoji-lithuania,5.765506473798944e-07,8
swakopmund-namibia,0.0002975001340480255,9
sydney-mines-ns-canada,0.0,1
sydney-nsw-australia,0.010055965771341168,10
sylt-germany,0.0,1
symbister-united-kingdom,0.0,1
syros-greece,0.0,1
taba-egypt,0.0,1
tabatinga-brazil,0.0,1
tabwakea-kiribati,0.0,1
tadine-new-caledonia,0.0,1
tagbilaran-philippines,1.556686747925715e-05,8
tahiti-iti-french-polynesia,0.02555426216026993,10
tahiti-nui-french-polynesia,0.0014183145925545403,9
tahsis-bc-canada,0.0,1
tahuna-indonesia,0.0,1
tainan-taiwan,0.0,1
takahagi-japan,0.0010741138560687433,9
takapuna-new-zealand,1.0377911652838099e-05,8
takaroa-french-polynesia,0.0,1
takeshima-japan,0.0,1
takesung-indonesia,0.00010666186976528047,8
taliabu-indonesia,0.0,1
talisay-city-philippines,0.0,1
talisay-philippines,0.0014376482575966794,9
tallinn-estonia,2.1332373953056094e-05,8
tanah-merah-singapore,6.803297639082754e-05,8
tananger-norway,0.0,1
tanguisson-point-guam,0.009533553229750243,10
tanjung-bemban-indonesia,0.0009790790910256236,9
tanjung-pakis-indonesia,0.00542976181347472,10
tanjung-pandan-indonesia,0.00012914734501309635,8
tanjung-pinggir-indonesia,0.0007087344924691915,9
tanjung-selor-indonesia,0.0,1
tanshui-taiwan,0.012771980561018376,10
taoyuan-taiwan,0.0,1
tarahales-spain,0.0,1
tarakan-indonesia,0.0007397529172982299,9
tarama-japan,0.0,1
tarawa-kiribati,0.0,1
tarifa-spain,0.0,1
taro-solomon-islands,0.0,1
tarrafal-de-santiago-cape-verde,0.0,1
tarrafal-de-so-nicolau-cape-verde,0.0,1
tartous-syria,0.0017593443004797478,9
tasiujaq-qc-canada,0.0,1
tautira-french-polynesia,0.0,1
taytay-philippines,0.000733526170306527,9
tchoima-congo-dem-rep-,0.0,1
teahupoo-french-polynesia,0.0,1
tebingtinggi-island-indonesia,0.0,1
tef-brazil,0.00022831405636243818,8
tejn-denmark,0.0,1
tel-aviv-israel,0.003735759919698026,10
telde-spain,0.0,1
telegraph-cove-bc-canada,0.0,1
telisai-brunei,0.0,1
teluk-indonesia,0.0,1
terceira-portugal,0.0,1
terempa-indonesia,0.0011199304141805322,9
teriberka-russia,0.0,1
ternate-indonesia,6.342057121178839e-06,8
terra-santa-brazil,0.0,1
terre-de-haut-guadeloupe,0.0,1
terre-rouge-mauritius,0.0,1
thanlyin-myanmar,0.0,1
the-hague-netherlands,0.0,1
the-valley-anguilla,0.0,1
thinadhoo-maldives,0.0,1
thorlakshofn-iceland,0.0,1
tiakur-indonesia,0.0,1
tidore-indonesia,0.0,1
tijuana-mexico,0.0,1
tiksi-russia,0.0,1
timika-indonesia,0.002734925650911267,9
timpaki-greece,0.0,1
tinian-northern-mariana-islands,0.012003784478449402,10
tinocas-canary-islands-spain,0.0,1
tinos-greece,0.0,1
tirat-carmel-israel,8.071709063318522e-06,8
titahi-bay-new-zealand,0.0,1
tjeldbergodden-norway,0.0,1
tjele-denmark,0.0,1
tlell-bc-canada,0.0,1
toahotu-french-polynesia,0.0,1
toamasina-madagascar,0.0,1
tobelo-indonesia,0.0,1
tobermory-united-kingdom,0.0,1
tobishima-japan,0.0,1
tobruk-libya,0.0007498041169175526,9
toco-trinidad-and-tobago,0.0,1
tocopilla-chile,0.0,1
tofino-bc-canada,0.0,1
togiak-ak-united-states,0.0,1
tokashiki-japan,0.0,1
toledo-philippines,3.6322690784933346e-05,8
toliara-madagascar,0.0,1
tolmeta-libya,0.0,1
tolu-colombia,0.0008456556620444601,9
tom-island-bc-canada,0.0,1
tonantins-brazil,0.0,1
tong-fuk-china,0.0,1
topolobampo-mexico,0.0,1
toquaht-bay-bc-canada,0.0,1
toronto-on-canada,0.0,1
torquay-vic-australia,0.0,1
torre-mileto-italy,0.0,1
torreguadiaro-spain,0.0,1
torshavn-faroe-islands,0.0,1
tortel-chile,0.0,1
tortola-virgin-islands-u-k-,0.0015584163998678545,9
toshima-japan,0.0,1
totalenergies-halfdan-denmark,0.0,1
totalenergies-tyra-denmark,0.0,1
totness-suriname,0.0,1
toucheng-taiwan,0.03029802479513714,10
toulon-france,0.0,1
towale-indonesia,0.0,1
toweli-indonesia,0.0,1
toyohashi-japan,0.0,1
trapani-italy,0.022712203789898026,10
tripoli-lebanon,0.003416927411696944,10
tripoli-libya,0.003732588891137436,10
trivandrum-india,0.0,1
trondheim-norway,0.009659385408540905,10
troon-united-kingdom,0.0,1
trujillo-honduras,0.0,1
tseung-kwan-o-china,0.011345094582172784,10
ttouan-morocco,0.010777461251472366,10
tua-pejat-indonesia,0.0,1
tual-indonesia,0.001321915324312622,9
tuas-singapore,0.026977765708650896,10
tuasivi-samoa,0.0,1
tuborg-denmark,0.0,1
tubuai-french-polynesia,0.0,1
tuckerton-nj-united-states,0.0,1
tulum-mexico,0.0,1
tumon-bay-guam,0.0017850008042881531,9
tungku-brunei,0.0008928847692423297,9
tuticorine-india,0.0,1
tutuyan-indonesia,0.0,1
tympaki-greece,0.0015445791843307372,9
tyra-denmark,0.0,1
uarini-brazil,0.0,1
uchucklesaht-bc-canada,0.0,1
ucluelet-bc-canada,0.0,1
udo-south-korea,0.0,1
uglegorsk-russia,0.0,1
ugolnye-kopi-russia,0.0,1
ujung-pankah-indonesia,0.0,1
ulleung-south-korea,0.0,1
umag-croatia,0.0,1
umbogintwini-south-africa,0.0,1
ume-sweden,0.0,1
umiujaq-qc-canada,0.0,1
unalaska-ak-united-states,0.0,1
union-island-saint-vincent-and-the-grenadines,0.0,1
unqui-costa-rica,0.0,1
urucurituba-brazil,0.0,1
ust-bolsheretsk-russia,0.0,1
ustica-italy,0.0,1
ustupo-panama,0.0,1
uto-sweden,0.0,1
utqiavik-ak-united-states,0.0,1
utskarpen-norway,0.0,1
uturoa-french-polynesia,0.0,1
uvira-congo-dem-rep-,0.0,1
vaasa-finland,0.0,1
vaitape-french-polynesia,0.004391201913994403,10
valdemar-denmark,0.0,1
valdez-ak-united-states,0.007367164172220291,10
valencia-spain,0.0022475385611486734,9
valparaso-chile,0.030327909337026338,10
valverde-canary-islands-spain,0.0,1
van-anda-bc-canada,0.0,1
vancouver-bc-canada,0.08998333576445508,10
vanimo-papua-new-guinea,0.0,1
vao-new-caledonia,0.0,1
varberg-sweden,0.0,1
varna-bulgaria,0.0,1
velas-portugal,0.0,1
velidhoo-maldives,0.0,1
ventotene-italy,0.0,1
ventspils-latvia,2.0179272658296305e-05,8
veracruz-mexico,0.0007499482545793977,9
vero-beach-fl-united-states,0.0037250937327214977,10
vestero-denmark,0.0,1
veules-les-roses-france,0.0,1
victoria-seychelles,0.0024715765335430444,9
vikevg-norway,0.0,1
vila-do-maio-cape-verde,0.0,1
vila-do-porto-portugal,0.0,1
vila-olga-virgin-islands-u-s-,0.0,1
virginia-beach-va-united-states,0.007207315505234215,10
visby-sweden,3.9781994669212715e-05,8
vitria-brazil,0.0,1
vladivostok-russia,0.0,1
vstervik-sweden,0.0,1
vulcano-bleu-italy,0.0,1
vung-tau-vietnam,0.0039320754151308795,10
wada-japan,0.0,1
waikanae-new-zealand,0.0,1
waingapu-indonesia,0.0017472559552396826,9
wainwright-ak-united-states,0.0,1
waisai-indonesia,0.0,1
wakkanai-japan,0.0,1
wall-township-nj-united-states,0.05512948462714182,10
warrenton-or-united-states,0.0,1
wawonii-indonesia,0.0,1
we-new-caledonia,0.0003042265582674576,9
weddel-united-kingdom,0.0,1
wellington-new-zealand,0.0,1
wenchang-china,0.0,1
weno-chuuk-micronesia,0.0,1
west-island-cocos-keeling-islands,0.0,1
west-palm-beach-fl-united-states,0.0,1
westness-united-kingdom,0.0,1
wewak-papua-new-guinea,0.0,1
whaletown-bc-canada,0.0,1
whanganui-new-zealand,0.0,1
whenuapai-new-zealand,0.0007435581515709371,9
whitehead-united-kingdom,0.0,1
whitesands-bay-united-kingdom,0.012722598998070284,10
whittier-ak-united-states,0.0,1
wilhelmshaven-germany,0.0,1
willemstad-curaao,0.00417494737533966,10
williams-beach-bc-canada,0.0,1
williamsport-ak-united-states,0.0,1
winema-or-united-states,0.0,1
winter-harbour-bc-canada,0.0,1
winterton-on-sea-united-kingdom,0.0,1
wrangell-ak-united-states,0.0,1
wuikinuxv-bc-canada,0.0,1
wurrumiyanga-nt-australia,0.0,1
xepenehe-new-caledonia,0.0,1
xiepu-china,0.0,1
xiju-taiwan,0.0,1
xiyu-township-taiwan,0.0,1
yaese-japan,0.008147429381674414,10
yakutat-ak-united-states,0.0,1
yanbu-saudi-arabia,0.000371298616912652,9
yantai-china,0.0,1
yapen-indonesia,0.0,1
yaren-nauru,0.0,1
yate-new-caledonia,0.0,1
yeroskipos-cyprus,0.009970290345140515,10
ygarden-norway,0.0,1
yomitan-japan,0.0,1
yonaguni-japan,0.0,1
ystad-sweden,0.0,1
yuanli-taiwan,0.0,1
yuquot-bc-canada,0.0,1
yuza-japan,0.0,1
yuzhno-kurilsk-russia,0.0,1
yuzhno-sakhalinsk-russia,0.0,1
yzerfontein-south-africa,0.0006277195173348601,9
zafarana-egypt,0.0040906268431603506,10
zahara-de-los-atunes-spain,0.0,1
zamboanga-philippines,0.0,1
zamboanguita-philippines,0.0,1
zandvoort-netherlands,0.0007499482545793977,9
zawia-libya,0.0,1
zeballos-bc-canada,0.0,1
zelenogorsk-russia,0.0,1
zhuhai-china,0.0,1
zuwara-libya,0.0,1
